{"cameraMode":{"drawMode":0,"name":"Shaded","section":"Shading Mode"},"sceneLighting":false,"audioPlay":false,"sceneViewState":{"showFog":true,"showMaterialUpdate":false,"showSkybox":false,"showFlares":true,"showImageEffects":true,"showParticleSystems":true,"showVisualEffectGraphs":true,"m_FxEnabled":true},"in2DMode":false,"pivot":{"x":0.05499982833862305,"y":2.7699999809265138,"z":6.1399993896484379},"rotation":{"x":0.23638218641281129,"y":0.6338140368461609,"z":-0.21338239312171937,"w":0.7052755951881409},"size":8.188100814819336,"orthographic":true}