{"cameraMode":{"drawMode":0,"name":"Shaded","section":"Shading Mode"},"sceneLighting":true,"audioPlay":false,"sceneViewState":{"showFog":true,"showMaterialUpdate":false,"showSkybox":true,"showFlares":true,"showImageEffects":true,"showParticleSystems":true,"showVisualEffectGraphs":true,"m_FxEnabled":true},"in2DMode":false,"pivot":{"x":0.05499982833862305,"y":1.7699999809265137,"z":6.1399993896484379},"rotation":{"x":0.041271790862083438,"y":-0.9535771608352661,"z":0.25623437762260439,"w":0.15381208062171937},"size":10.653637886047364,"orthographic":true}